{
	"format_version": "1.8.0",
	"animations": {
		"main": {
			"animation_length": 6,
			"bones": {
				"left_arm": {
					"rotation": {
						"0.0": [-75, 0, 0],
						"0.0417": [-75, 0, 0]
					}
				},
				"var_vec3_cameraRot_vec3_cameraPos_cameraZoom": {
					"rotation": {
						"0.0": [90, 70, 90],
						"2.0": [90, 70, 90],
						"2.0417": {"pre": [90, 70, 90], "post": [0, 180, 0]},
						"4.0": [0, 180, 0],
						"4.0417": {"pre": [0, 180, 0], "post": [0, 0, 0]},
						"6.0": [0, 0, 0]
					},
					"position": {
						"0.0": [20, 0, 3],
						"2.0": [20, 21.61293, -5.86646],
						"2.0417": {"pre": [20, 21.61293, -5.86646], "post": [14, 28, -15]},
						"4.0": [-13, 28, -15],
						"4.0417": {"pre": [-13, 28, -15], "post": [0, 29, 17]},
						"6.0": [0, 29, 14]
					},
					"scale": {
						"0.0": [1, 1, 1],
						"4.0": [1, 1, 1],
						"4.0417": [1, 1, 1],
						"6.0": [1.03, 1, 1]
					}
				}
			}
		}
	}
}