{
	"format_version": "1.8.0",
	"animations": {
		"main": {
			"animation_length": 3.7917,
			"bones": {
				"head": {
					"rotation": {
						"0.0": [15, 0, 0],
						"0.5": [23.72493, -18.84969, -6.67698],
						"0.75": [23.72493, -18.84969, -6.67698],
						"0.9583": [0, 0, 0],
						"1.4583": {
							"pre": [0, 0, 0],
							"post": [7.5, 0, -7.5]
						},
						"1.6667": [14.13039, -34.65749, -12.72206],
						"1.7917": {
							"pre": [14.13039, -34.65749, -12.72206],
							"post": [17.25445, 1.56437, -12.60064]
						},
						"2.0": [2.5, -17.5, 0],
						"2.125": {
							"pre": [2.5, -17.5, 0],
							"post": [15.70153, 52.51248, 2.97354]
						},
						"2.2917": [15.70153, 52.51248, 2.97354],
						"2.5": [14.58544, 47.46346, -26.45919],
						"2.625": {
							"pre": [14.58544, 47.46346, -26.45919],
							"post": [12.5, 0, 0]
						},
						"2.9167": [12.5, 0, 0],
						"3.2083": [12.5, 0, 0],
						"3.3333": [12.5, 0, 0]
					},
					"position": {
						"0.0": [0, 0, 0],
						"1.4583": {
							"pre": [0, 0, 0],
							"post": [0, -1, 0]
						},
						"1.6667": [-5, -1, -11],
						"1.7917": {
							"pre": [-5, -1, -11],
							"post": [-34, -1, -9]
						},
						"2.0": [-25, -1, -30],
						"2.125": {
							"pre": [-25, -1, -30],
							"post": [38, 24, -7]
						},
						"2.2917": [38, 24, -7],
						"2.5": [-27, -4, -26],
						"2.625": {
							"pre": [-27, -4, -26],
							"post": [-25, -1, -25]
						},
						"2.9167": [-22, 0, -25],
						"3.2083": [-22, 0, -25],
						"3.3333": [-22, 0, -25]
					}
				},
				"body": {
					"rotation": {
						"0.0": [0, 0, 0],
						"0.5": [0, -32.5, 0],
						"0.75": [0, -32.5, 0],
						"0.9583": [0, 0, 0],
						"1.4583": {
							"pre": [0, 0, 0],
							"post": [5, 72.5, 0]
						},
						"1.6667": [11.69203, -27.42723, -5.54924],
						"1.7917": {
							"pre": [11.69203, -27.42723, -5.54924],
							"post": [28.7313, 66.4742, 15.50231]
						},
						"2.0": [2.5, -12.5, 0],
						"2.125": {
							"pre": [2.5, -12.5, 0],
							"post": [28.52952, 66.78838, 32.54206]
						},
						"2.2917": [28.52952, 66.78838, 32.54206],
						"2.5": [154.49564, 77.14143, 118.6426],
						"2.625": {
							"pre": [154.49564, 77.14143, 118.6426],
							"post": [12.5, 35, 0]
						},
						"2.9167": [0, 0, 0],
						"3.2083": [0, 0, 0],
						"3.3333": [0, 0, 0]
					},
					"position": {
						"0.0": [0, 0, 0],
						"0.9583": [0, 0, 0],
						"1.4583": {
							"pre": [0, 0, 0],
							"post": [0, -1, 0]
						},
						"1.6667": [-5, -1, -11],
						"1.7917": {
							"pre": [-5, -1, -11],
							"post": [-34, -1, -9]
						},
						"2.0": [-25, -1, -30],
						"2.125": {
							"pre": [-25, -1, -30],
							"post": [38, 24, -7]
						},
						"2.2917": [38, 24, -7],
						"2.5": [-28, -5, -26],
						"2.625": {
							"pre": [-28, -5, -26],
							"post": [-24, -1, -26]
						},
						"2.9167": [-22, -0.25, -24.75],
						"3.2083": [-22, -0.25, -24.75],
						"3.3333": [-22, -0.25, -24.75]
					}
				},
				"left_arm": {
					"rotation": {
						"0.0": [-15, 0, 0],
						"0.5": [-45, 0, 0],
						"0.75": [-45, 0, 0],
						"0.9583": [-88.5344, -31.40286, -7.37332],
						"1.4583": {
							"pre": [-88.53, -31.4, -7.37],
							"post": [84.4945, 47.1977, 169.439]
						},
						"1.5417": [-4.01202, 32.05959, 62.26491],
						"1.6667": [-54.89549, -20.88127, -14.06573],
						"1.7917": {
							"pre": [-54.89549, -20.88127, -14.06573],
							"post": [-9.62749, 77.30599, 79.254]
						},
						"2.0": [-72.21412, -11.86443, -3.55488],
						"2.125": {
							"pre": [-72.21412, -11.86443, -3.55488],
							"post": [-239.11314, 86.59891, -116.21458]
						},
						"2.2917": [-239.11314, 86.59891, -116.21458],
						"2.4167": [-105.15172, 42.55711, -2.82669],
						"2.5": [-265.92501, 35.71947, -217.24106],
						"2.625": {
							"pre": [-265.92501, 35.71947, -217.24106],
							"post": [-0.87485, 52.8466, 67.12294]
						},
						"2.9167": [0, 0, 0],
						"3.2083": [0, 0, 0],
						"3.3333": [0, 0, 0]
					},
					"position": {
						"0.0": [0, 0, 0],
						"0.5": [0, -1, 1],
						"0.75": [0, -1, 1],
						"0.9583": [0, 0, 0],
						"1.4583": {
							"pre": [0, 0, 0],
							"post": [-6, -2, -4]
						},
						"1.6667": [-5, -2, -9],
						"1.7917": {
							"pre": [-5, -2, -9],
							"post": [-38, -3, -14]
						},
						"2.0": [-25, -1, -30],
						"2.125": {
							"pre": [-25, -1, -30],
							"post": [34, 23, -12]
						},
						"2.2917": [34, 23, -12],
						"2.5": [-33, -7, -31],
						"2.625": {
							"pre": [-33, -7, -31],
							"post": [-26, -1, -28]
						},
						"2.9167": [-23, -1, -24],
						"3.2083": [-23, -1, -24],
						"3.3333": [-23, -1, -24]
					}
				},
				"right_arm": {
					"rotation": {
						"0.0": [-103.27463, 19.50645, -4.50432],
						"0.5": [-29.15396, -32.41052, -43.85585],
						"0.75": [-29.15396, -32.41052, -43.85585],
						"0.9583": [-80.41615, 52.21377, 18.20456],
						"1.4583": {
							"pre": [-80.42, 52.21, 18.2],
							"post": [-96, 61.8249, -6.93]
						},
						"1.5833": [-34.59434, 64.54596, 25.95693],
						"1.6667": [-22.17599, -46.04179, -60.47985],
						"1.7917": {
							"pre": [-22.17599, -46.04179, -60.47985],
							"post": [74.97485, -4.14355, 147.8323]
						},
						"1.9167": [14.18542, -24.4308, 74.44679],
						"2.0": [-51.27264, -48.50484, -30.49104],
						"2.125": {
							"pre": [-51.27264, -48.50484, -30.49104],
							"post": [-132.76325, 61.57645, 3.48933]
						},
						"2.2917": [-132.76325, 61.57645, 3.48933],
						"2.4167": [-79.10075, 23.30402, -5.37839],
						"2.5": [80.21352, -32.03814, 147.58887],
						"2.625": {
							"pre": [80.21352, -32.03814, 147.58887],
							"post": [70, 0, 82.5]
						},
						"2.9167": [-141.21291, -22.3333, 84.99472],
						"3.2083": [-141.21, -22.33, 84.99],
						"3.3333": [10.46909, -19.5051, 29.6124]
					},
					"position": {
						"0.0": [-0.68404, 0.40677, -1.83484],
						"0.5": [2, -1, -3],
						"0.75": [2, -1, -3],
						"0.9583": [0, 0, 0],
						"1.4583": {
							"pre": [0, 0, 0],
							"post": [5, -2, 5]
						},
						"1.6667": [-3, -3, -15],
						"1.7917": {
							"pre": [-3, -3, -15],
							"post": [-30, 0, -3]
						},
						"1.9167": [-27.63, -1.12, -17.71],
						"2.0": [-24, -2, -31],
						"2.125": {
							"pre": [-24, -2, -31],
							"post": [42, 25, -3]
						},
						"2.2917": [42, 25, -3],
						"2.4167": [4.2, 6.6, -14.2],
						"2.5": [-21, -4, -20],
						"2.625": {
							"pre": [-21, -4, -20],
							"post": [-21, -2, -23]
						},
						"2.9167": [-21, -2, -26],
						"3.2083": [-21, -2, -26],
						"3.3333": [-21, -2, -24]
					}
				},
				"left_leg": {
					"rotation": {
						"0.0": [0, 0, -10],
						"0.9583": [0, 0, -10],
						"1.4583": {
							"pre": [0, 0, -10],
							"post": [-41.427, 64.9858, -28.223]
						},
						"1.6667": [21.40988, -10.6153, -14.26619],
						"1.7917": {
							"pre": [21.40988, -10.6153, -14.26619],
							"post": [22.97859, 59.60581, -7.95692]
						},
						"2.0": [-15.44713, -12.28286, -3.90251],
						"2.125": {
							"pre": [-15.44713, -12.28286, -3.90251],
							"post": [-40.24923, 82.60818, -30.53411]
						},
						"2.2917": [-40.24923, 82.60818, -30.53411],
						"2.5": [27.25, 82.61, -30.53],
						"2.625": {
							"pre": [27.25, 82.61, -30.53],
							"post": [0, 0, -7.5]
						},
						"2.9167": [0, 0, -7.5],
						"3.2083": [0, 0, -7.5],
						"3.3333": [0, 0, -7.5]
					},
					"position": {
						"0.0": [0.75, 0, 0],
						"0.9583": [0.75, 0, 0],
						"1.4583": {
							"pre": [0.75, 0, 0],
							"post": [-0.0979, -1, -1.8612]
						},
						"1.6667": [-4.1, -1, -7.86],
						"1.7917": {
							"pre": [-4.1, -1, -7.86],
							"post": [-33.1, 0, -8.86]
						},
						"2.0": [-25.1, 0, -28.86],
						"2.125": {
							"pre": [-25.1, 0, -28.86],
							"post": [34.9, 25, -6.86]
						},
						"2.2917": [34.9, 25, -6.86],
						"2.5": [-22.1, -4, -26.86],