{
	"format_version": "1.8.0",
	"abortable": false,
	"animations": {
		"main": {
			"animation_length": 26.5,
			"bones": {
				"var_vec3_tCameraRot_vec3_tCameraPos_tCameraZoom": {
					"rotation": {
						"0.0": [90, 0, 0],
						"4.0": [0, 180, 0],
						"5.0": [0, 180, 0],
						"6.0": [0, 90, 0],
						"7.0": [0, 90, 0],
						"8.0": [0, -180, 0],
						"9.0": {"pre": [0, -180, 0], "post": [10, -154, 0]},
						"13.0": {"pre": [10, -155, 0], "post": [0, -61, 0]},
						"18.0": {"pre": [0, -110, 0], "post": [0, 128, 0]},
						"19.0": [0, 128, 0],
						"20.0": {"pre": [0, 128, 0], "post": [2.4, -40, 0]},
						"23.0": [2.4, -40, 0],
						"23.5": {"pre": [2.4, -40, 0], "post": [12.5, -88.5, 0]},
						"24.0": {"pre": [12.5, -88.5, 0], "post": [0, 0, 0]},
						"25.0": {"pre": [0, 0, 360], "post": [0, 0, 0]},
						"26.0": [0, 0, 360],
						"26.5": [0, 0, 360]
					},
					"position": {
						"0.0": [0, 28.8, 0],
						"4.0": [0, 460.8, -16],
						"5.0": [0, 460.8, -16],
						"6.0": [0, 460.8, -240],
						"7.0": [0, 460.8, -240],
						"8.0": [0, 460.8, -448],
						"9.0": {"pre": [0, 460.8, -448], "post": [16, 188.8, 80]},
						"13.0": {"pre": [1008, 220.8, 80], "post": [912, -307.2, 1440]},
						"18.0": {"pre": [1968, -307.2, 1184], "post": [-1232, 92.8, 1696]},
						"19.0": [-1584, 108.8, 2000],
						"20.0": {"pre": [-1648, 108.8, 2048], "post": [-1840, 108.8, 2160]},
						"23.0": [-1832.93554, 108.33937, 2151.5809],
						"23.5": {"pre": [-1832.9355, 108.3394, 2151.5809], "post": [-256, 76.8, -32]},
						"24.0": {"pre": [-256, 76.8, -32], "post": [-400, 76.8, 32]},
						"25.0": {"pre": [-400, 76.8, -208], "post": [0, 28.8, 200]},
						"26.0": [0, 28.8, 19],
						"26.5": [0, 28.8, 19]
					},
					"scale": {
						"0.0": [1, 1, 1],
						"20.0": [1, 1, 1],
						"23.0": [1.25, 1, 1],
						"23.5": {"pre": [1.25, 1, 1], "post": [1, 1, 1]},
						"24.0": [1, 1, 1],
						"25.0": [1, 1, 1],
						"26.0": [1, 1, 1],
						"26.5": [1, 1, 1]
					}
				},
				"var_vec2_mandatory": {
					"rotation": [1, 1, 0]
				}
			}
		}
	}
}